
{
   "allowSleep" : false,
   "autoClearForces" : true,
   "body" : 
   [
      
      {
         "angle" : -0.07387641817331314,
         "angularVelocity" : 2.860444324948186e-18,
         "awake" : true,
         "fixture" : 
         [
            
            {
               "density" : 18.32630729675293,
               "friction" : 0.8999999761581421,
               "polygon" : 
               {
                  "vertices" : 
                  {
                     "x" : [ 0.3499999940395355, 0.0, 0.0, 0.3499999940395355 ],
                     "y" : 
                     [
                        0.01999999955296516,
                        0.03999999910593033,
                        -0.03999999910593033,
                        -0.01999999955296516
                     ]
                  }
               }
            },
            
            {
               "circle" : 
               {
                  "center" : 
                  {
                     "x" : 0.3499999940395355,
                     "y" : 0
                  },
                  "radius" : 0.01999999955296516
               },
               "density" : 18.32630729675293,
               "friction" : 0.8999999761581421
            },
            
            {
               "circle" : 
               {
                  "center" : 0,
                  "radius" : 0.03999999910593033
               },
               "density" : 18.32630729675293,
               "friction" : 0.8999999761581421
            }
         ],
         "linearVelocity" : 
         {
            "x" : 1.741144749825086e-19,
            "y" : 4.543556280195053e-19
         },
         "massData-I" : 0.01874250918626785,
         "massData-center" : 
         {
            "x" : 0.1358525305986404,
            "y" : 9.233627751292772e-11
         },
         "massData-mass" : 0.50,
         "position" : 
         {
            "x" : 0.4999999701976776,
            "y" : -2.50
         },
         "type" : 2 //dynamic
      },
      
      {
         "angle" : 0,
         "angularVelocity" : 0,
         "awake" : true,
         "fixture" : 
         [
            
            {
               "edge" : 
               {
                  "vertex1" : 
                  {
                     "x" : 1.100000023841858,
                     "y" : -2.900000095367432
                  },
                  "vertex2" : 
                  {
                     "x" : 1.100000023841858,
                     "y" : -3.0
                  }
               },
               "friction" : 0.2000000029802322
            },
            
            {
               "edge" : 
               {
                  "vertex1" : 
                  {
                     "x" : 0.8000000119209290,
                     "y" : -2.900000095367432
                  },
                  "vertex2" : 
                  {
                     "x" : 0.8000000119209290,
                     "y" : -3.0
                  }
               },
               "friction" : 0.2000000029802322
            },
            
            {
               "edge" : 
               {
                  "vertex1" : 
                  {
                     "x" : 1.100000023841858,
                     "y" : -2.900000095367432
                  },
                  "vertex2" : 
                  {
                     "x" : 1.399999976158142,
                     "y" : -2.700000047683716
                  }
               },
               "friction" : 0.2000000029802322
            },
            
            {
               "edge" : 
               {
                  "vertex1" : 
                  {
                     "x" : 1.399999976158142,
                     "y" : -2.700000047683716
                  },
                  "vertex2" : 
                  {
                     "x" : 1.799999952316284,
                     "y" : -2.599999904632568
                  }
               },
               "friction" : 0.2000000029802322
            },
            
            {
               "edge" : 
               {
                  "vertex1" : 
                  {
                     "x" : 0.50,
                     "y" : -2.700000047683716
                  },
                  "vertex2" : 
                  {
                     "x" : 0.8000000119209290,
                     "y" : -2.900000095367432
                  }
               },
               "friction" : 0.2000000029802322
            },
            
            {
               "edge" : 
               {
                  "vertex1" : 
                  {
                     "x" : 0,
                     "y" : -2.50
                  },
                  "vertex2" : 
                  {
                     "x" : 0.50,
                     "y" : -2.700000047683716
                  }
               },
               "friction" : 0.2000000029802322
            },
            
            {
               "circle" : 
               {
                  "center" : 
                  {
                     "x" : 1.825000047683716,
                     "y" : -0.50
                  },
                  "radius" : 0.02500000037252903
               },
               "friction" : 0.2000000029802322
            },
            
            {
               "edge" : 
               {
                  "vertex1" : 
                  {
                     "x" : 1.850000023841858,
                     "y" : -0.50
                  },
                  "vertex2" : 
                  {
                     "x" : 1.850000023841858,
                     "y" : -3.0
                  }
               },
               "friction" : 0.2000000029802322
            },
            
            {
               "circle" : 
               {
                  "center" : 
                  {
                     "x" : 0.2750000059604645,
                     "y" : -1.899999976158142
                  },
                  "radius" : 0.02500000037252903
               },
               "friction" : 0.2000000029802322
            },
            
            {
               "edge" : 
               {
                  "vertex1" : 
                  {
                     "x" : 0.250,
                     "y" : -1.899999976158142
                  },
                  "vertex2" : 
                  {
                     "x" : 0.250,
                     "y" : -2.400000095367432
                  }
               },
               "friction" : 0.2000000029802322
            },
            
            {
               "edge" : 
               {
                  "vertex1" : 
                  {
                     "x" : 0.250,
                     "y" : -2.400000095367432
                  },
                  "vertex2" : 
                  {
                     "x" : 0.4499999880790710,
                     "y" : -2.50
                  }
               },
               "friction" : 0.2000000029802322
            },
            
            {
               "edge" : 
               {
                  "vertex1" : 
                  {
                     "x" : 0.3000000119209290,
                     "y" : -1.899999976158142
                  },
                  "vertex2" : 
                  {
                     "x" : 0.3000000119209290,
                     "y" : -2.299999952316284
                  }
               },
               "friction" : 0.2000000029802322
            },
            
            {
               "edge" : 
               {
                  "vertex1" : 
                  {
                     "x" : 0.3000000119209290,
                     "y" : -2.299999952316284
                  },
                  "vertex2" : 
                  {
                     "x" : 0.4880000054836273,
                     "y" : -2.450000047683716
                  }
               },